--==========================================================================================================================
--
--            .
--            |\
--            | \
--            |  \
--            |   \
--            |    \          SASANIAN IRAN by CIVITAS
--            |     \
--            |      \
--            |       \       ____O
--            |        \     .' ./
--            |   _.,-~"\  .',/~'
--            <-~"   _.,-~" ~ |
--^"~-,._.,-~"^"~-,._\       /,._.,-~"^"~-,._.,-~"^"~-,._
--~"^"~-,._.,-~"^"~-,._.,-~"^"~-,._.,-~"^"~-,._.,-~"^"~-,._
--^"~-,._.,-~"^"~-,._.,-~"^"~-,._.,-~"^"~-,._.,-~"^"~-,._
--~-,._.,-~"^"~-,._.,-~"^"~-,._.,-~"^"~-,._.,-~"^"~-,._
--==========================================================================================================================
-- Sasanian / Traits
--==========================================================================================================================
INSERT INTO Types
		(Type,												Kind)
VALUES	('UNIT_SAILOR_ASWAR',								'KIND_UNIT'),
		('DISTRICT_SAILOR_HUNTINGPARK',						'KIND_DISTRICT'),
		-- Civilization Traits
		('TRAIT_CIVILIZATION_SAILOR_SOTSR',					'KIND_TRAIT'),
		('TRAIT_CIVILIZATION_UNIT_SAILOR_ASWAR',			'KIND_TRAIT'),
		('TRAIT_CIVILIZATION_DISTRICT_SAILOR_HUNTINGPARK',	'KIND_TRAIT');
-----------------------------------------------			
-- CivilizationTraits			
-----------------------------------------------				
INSERT INTO CivilizationTraits
		(CivilizationType,							TraitType)
VALUES	('CIVILIZATION_SAILOR_SASANIAN',			'TRAIT_CIVILIZATION_SAILOR_SOTSR'),
		('CIVILIZATION_SAILOR_SASANIAN',			'TRAIT_CIVILIZATION_UNIT_SAILOR_ASWAR'),
		('CIVILIZATION_SAILOR_SASANIAN',			'TRAIT_CIVILIZATION_DISTRICT_SAILOR_HUNTINGPARK');
-----------------------------------------------			
-- Traits			
-----------------------------------------------				
INSERT INTO Traits				
		(TraitType,													Name,														Description)
VALUES	('TRAIT_CIVILIZATION_SAILOR_SOTSR',							'LOC_TRAIT_CIVILIZATION_SAILOR_SOTSR_NAME',					'LOC_TRAIT_CIVILIZATION_SAILOR_SOTSR_DESCRIPTION'),
		('TRAIT_CIVILIZATION_UNIT_SAILOR_ASWAR',					'LOC_TRAIT_CIVILIZATION_UNIT_SAILOR_ASWAR_NAME',			'LOC_TRAIT_CIVILIZATION_UNIT_SAILOR_ASWAR_DESCRIPTION'),
		('TRAIT_CIVILIZATION_DISTRICT_SAILOR_HUNTINGPARK',			'LOC_TRAIT_CIVILIZATION_DISTRICT_SAILOR_HUNTINGPARK_NAME',	'LOC_TRAIT_CIVILIZATION_DISTRICT_SAILOR_HUNTINGPARK_DESCRIPTION');
-----------------------------------------------		
-- TraitModifiers		
-----------------------------------------------			
/*INSERT INTO TraitModifiers
		(TraitType,								ModifierId)
VALUES	-- Gold
		('TRAIT_CIVILIZATION_SAILOR_SOTSR',		'MODIFIER_SAILOR_SOTSR_PLOT_GOLD_1'),
		('TRAIT_CIVILIZATION_SAILOR_SOTSR',		'MODIFIER_SAILOR_SOTSR_PLOT_GOLD_2'),
		('TRAIT_CIVILIZATION_SAILOR_SOTSR',		'MODIFIER_SAILOR_SOTSR_PLOT_GOLD_3'),
		('TRAIT_CIVILIZATION_SAILOR_SOTSR',		'MODIFIER_SAILOR_SOTSR_PLOT_GOLD_4'),
		('TRAIT_CIVILIZATION_SAILOR_SOTSR',		'MODIFIER_SAILOR_SOTSR_PLOT_GOLD_5'),
		('TRAIT_CIVILIZATION_SAILOR_SOTSR',		'MODIFIER_SAILOR_SOTSR_PLOT_GOLD_6'),
		-- Culture
		('TRAIT_CIVILIZATION_SAILOR_SOTSR',		'MODIFIER_SAILOR_SOTSR_PLOT_CULTURE_1'),
		('TRAIT_CIVILIZATION_SAILOR_SOTSR',		'MODIFIER_SAILOR_SOTSR_PLOT_CULTURE_2'),
		('TRAIT_CIVILIZATION_SAILOR_SOTSR',		'MODIFIER_SAILOR_SOTSR_PLOT_CULTURE_3'),
		('TRAIT_CIVILIZATION_SAILOR_SOTSR',		'MODIFIER_SAILOR_SOTSR_PLOT_CULTURE_4'),
		('TRAIT_CIVILIZATION_SAILOR_SOTSR',		'MODIFIER_SAILOR_SOTSR_PLOT_CULTURE_5'),
		('TRAIT_CIVILIZATION_SAILOR_SOTSR',		'MODIFIER_SAILOR_SOTSR_PLOT_CULTURE_6');

-----------------------------------------------
-- Modifiers
-----------------------------------------------

INSERT INTO Modifiers
		(ModifierId,								ModifierType,					SubjectRequirementSetId)
VALUES	-- Gold
		('MODIFIER_SAILOR_SOTSR_PLOT_GOLD_1',		'DYNMOD_SAILOR_PLOT_YIELDS',	'REQSET_SAILOR_SOTSR_ADJ_DISTRICT_1'),
		('MODIFIER_SAILOR_SOTSR_PLOT_GOLD_2',		'DYNMOD_SAILOR_PLOT_YIELDS',	'REQSET_SAILOR_SOTSR_ADJ_DISTRICT_2'),
		('MODIFIER_SAILOR_SOTSR_PLOT_GOLD_3',		'DYNMOD_SAILOR_PLOT_YIELDS',	'REQSET_SAILOR_SOTSR_ADJ_DISTRICT_3'),
		('MODIFIER_SAILOR_SOTSR_PLOT_GOLD_4',		'DYNMOD_SAILOR_PLOT_YIELDS',	'REQSET_SAILOR_SOTSR_ADJ_DISTRICT_4'),
		('MODIFIER_SAILOR_SOTSR_PLOT_GOLD_5',		'DYNMOD_SAILOR_PLOT_YIELDS',	'REQSET_SAILOR_SOTSR_ADJ_DISTRICT_5'),
		('MODIFIER_SAILOR_SOTSR_PLOT_GOLD_6',		'DYNMOD_SAILOR_PLOT_YIELDS',	'REQSET_SAILOR_SOTSR_ADJ_DISTRICT_6'),
		-- Culture
		('MODIFIER_SAILOR_SOTSR_PLOT_CULTURE_1',	'DYNMOD_SAILOR_PLOT_YIELDS',	'REQSET_SAILOR_SOTSR_ADJ_DISTRICT_1'),
		('MODIFIER_SAILOR_SOTSR_PLOT_CULTURE_2',	'DYNMOD_SAILOR_PLOT_YIELDS',	'REQSET_SAILOR_SOTSR_ADJ_DISTRICT_2'),
		('MODIFIER_SAILOR_SOTSR_PLOT_CULTURE_3',	'DYNMOD_SAILOR_PLOT_YIELDS',	'REQSET_SAILOR_SOTSR_ADJ_DISTRICT_3'),
		('MODIFIER_SAILOR_SOTSR_PLOT_CULTURE_4',	'DYNMOD_SAILOR_PLOT_YIELDS',	'REQSET_SAILOR_SOTSR_ADJ_DISTRICT_4'),
		('MODIFIER_SAILOR_SOTSR_PLOT_CULTURE_5',	'DYNMOD_SAILOR_PLOT_YIELDS',	'REQSET_SAILOR_SOTSR_ADJ_DISTRICT_5'),
		('MODIFIER_SAILOR_SOTSR_PLOT_CULTURE_6',	'DYNMOD_SAILOR_PLOT_YIELDS',	'REQSET_SAILOR_SOTSR_ADJ_DISTRICT_6');

-----------------------------------------------
-- ModifierArguments
-----------------------------------------------

INSERT INTO ModifierArguments
		(ModifierId,							Name,			Value)
VALUES	-- Gold
		('MODIFIER_SAILOR_SOTSR_PLOT_GOLD_1',	'YieldType',	'YIELD_GOLD'),
		('MODIFIER_SAILOR_SOTSR_PLOT_GOLD_1',	'Amount',		1),
		('MODIFIER_SAILOR_SOTSR_PLOT_GOLD_2',	'YieldType',	'YIELD_GOLD'),
		('MODIFIER_SAILOR_SOTSR_PLOT_GOLD_2',	'Amount',		2),
		('MODIFIER_SAILOR_SOTSR_PLOT_GOLD_3',	'YieldType',	'YIELD_GOLD'),
		('MODIFIER_SAILOR_SOTSR_PLOT_GOLD_3',	'Amount',		3),
		('MODIFIER_SAILOR_SOTSR_PLOT_GOLD_4',	'YieldType',	'YIELD_GOLD'),
		('MODIFIER_SAILOR_SOTSR_PLOT_GOLD_4',	'Amount',		4),
		('MODIFIER_SAILOR_SOTSR_PLOT_GOLD_5',	'YieldType',	'YIELD_GOLD'),
		('MODIFIER_SAILOR_SOTSR_PLOT_GOLD_5',	'Amount',		5),
		('MODIFIER_SAILOR_SOTSR_PLOT_GOLD_6',	'YieldType',	'YIELD_GOLD'),
		('MODIFIER_SAILOR_SOTSR_PLOT_GOLD_6',	'Amount',		6),
		-- Culture
		('MODIFIER_SAILOR_SOTSR_PLOT_CULTURE_1',	'YieldType',	'YIELD_CULTURE'),
		('MODIFIER_SAILOR_SOTSR_PLOT_CULTURE_1',	'Amount',		1),
		('MODIFIER_SAILOR_SOTSR_PLOT_CULTURE_2',	'YieldType',	'YIELD_CULTURE'),
		('MODIFIER_SAILOR_SOTSR_PLOT_CULTURE_2',	'Amount',		1),
		('MODIFIER_SAILOR_SOTSR_PLOT_CULTURE_3',	'YieldType',	'YIELD_CULTURE'),
		('MODIFIER_SAILOR_SOTSR_PLOT_CULTURE_3',	'Amount',		1),
		('MODIFIER_SAILOR_SOTSR_PLOT_CULTURE_4',	'YieldType',	'YIELD_CULTURE'),
		('MODIFIER_SAILOR_SOTSR_PLOT_CULTURE_4',	'Amount',		1),
		('MODIFIER_SAILOR_SOTSR_PLOT_CULTURE_5',	'YieldType',	'YIELD_CULTURE'),
		('MODIFIER_SAILOR_SOTSR_PLOT_CULTURE_5',	'Amount',		1),
		('MODIFIER_SAILOR_SOTSR_PLOT_CULTURE_6',	'YieldType',	'YIELD_CULTURE'),
		('MODIFIER_SAILOR_SOTSR_PLOT_CULTURE_6',	'Amount',		1);
-----------------------------------------------
-- RequirementSetRequirements
-----------------------------------------------		
	
INSERT INTO RequirementSetRequirements
		(RequirementSetId,						RequirementId)
VALUES	('REQSET_SAILOR_SOTSR_ADJ_DISTRICT_1',	'REQ_SAILOR_SOTSR_ADJ_DISTRICT_1'),
		('REQSET_SAILOR_SOTSR_ADJ_DISTRICT_2',	'REQ_SAILOR_SOTSR_ADJ_DISTRICT_2'),
		('REQSET_SAILOR_SOTSR_ADJ_DISTRICT_3',	'REQ_SAILOR_SOTSR_ADJ_DISTRICT_3'),
		('REQSET_SAILOR_SOTSR_ADJ_DISTRICT_4',	'REQ_SAILOR_SOTSR_ADJ_DISTRICT_4'),
		('REQSET_SAILOR_SOTSR_ADJ_DISTRICT_5',	'REQ_SAILOR_SOTSR_ADJ_DISTRICT_5'),
		('REQSET_SAILOR_SOTSR_ADJ_DISTRICT_6',	'REQ_SAILOR_SOTSR_ADJ_DISTRICT_6'),

		('REQSET_SAILOR_SOTSR_ADJ_DISTRICTS',	'REQ_SAILOR_SOTSR_IS_DISTRICT_REQ'),
		('REQSET_SAILOR_SOTSR_IS_DISTRICT_REQ',	'REQ_SAILOR_SOTSR_IS_COMMERCIAL_HUB'),
		('REQSET_SAILOR_SOTSR_IS_DISTRICT_REQ',	'REQ_SAILOR_SOTSR_IS_HARBOR'),
		('REQSET_SAILOR_SOTSR_IS_DISTRICT_REQ',	'REQ_SAILOR_SOTSR_IS_BONUS');

-----------------------------------------------
-- RequirementSets
-----------------------------------------------

INSERT INTO RequirementSets
		(RequirementSetId,						RequirementSetType)
VALUES	('REQSET_SAILOR_SOTSR_ADJ_DISTRICT_1',	'REQUIREMENTSET_TEST_ALL'),
		('REQSET_SAILOR_SOTSR_ADJ_DISTRICT_2',	'REQUIREMENTSET_TEST_ALL'),
		('REQSET_SAILOR_SOTSR_ADJ_DISTRICT_3',	'REQUIREMENTSET_TEST_ALL'),
		('REQSET_SAILOR_SOTSR_ADJ_DISTRICT_4',	'REQUIREMENTSET_TEST_ALL'),
		('REQSET_SAILOR_SOTSR_ADJ_DISTRICT_5',	'REQUIREMENTSET_TEST_ALL'),
		('REQSET_SAILOR_SOTSR_ADJ_DISTRICT_6',	'REQUIREMENTSET_TEST_ALL'),
		
		('REQSET_SAILOR_SOTSR_ADJ_DISTRICTS',	'REQUIREMENTSET_TEST_ALL'),
		('REQSET_SAILOR_SOTSR_IS_DISTRICT_REQ',	'REQUIREMENTSET_TEST_ANY');

-----------------------------------------------
-- Requirements
-----------------------------------------------		
		
INSERT INTO Requirements
		(RequirementId, 						RequirementType							)
VALUES	('REQ_SAILOR_SOTSR_ADJ_DISTRICT_1',		'REQUIREMENT_COLLECTION_COUNT_ATLEAST'	),
		('REQ_SAILOR_SOTSR_ADJ_DISTRICT_2',		'REQUIREMENT_COLLECTION_COUNT_ATLEAST'	),
		('REQ_SAILOR_SOTSR_ADJ_DISTRICT_3',		'REQUIREMENT_COLLECTION_COUNT_ATLEAST'	),
		('REQ_SAILOR_SOTSR_ADJ_DISTRICT_4',		'REQUIREMENT_COLLECTION_COUNT_ATLEAST'	),
		('REQ_SAILOR_SOTSR_ADJ_DISTRICT_5',		'REQUIREMENT_COLLECTION_COUNT_ATLEAST'	),
		('REQ_SAILOR_SOTSR_ADJ_DISTRICT_6',		'REQUIREMENT_COLLECTION_COUNT_ATLEAST'	),
		
		('REQ_SAILOR_SOTSR_IS_DISTRICT_REQ',	'REQUIREMENT_REQUIREMENTSET_IS_MET'		),
		('REQ_SAILOR_SOTSR_IS_COMMERCIAL_HUB',	'REQUIREMENT_PLOT_ADJACENT_DISTRICT_TYPE_MATCHES'		),
		('REQ_SAILOR_SOTSR_IS_HARBOR',			'REQUIREMENT_PLOT_ADJACENT_DISTRICT_TYPE_MATCHES'		),
		('REQ_SAILOR_SOTSR_IS_BONUS',			'REQUIREMENT_PLOT_RESOURCE_CLASS_TYPE_MATCHES');

-----------------------------------------------
-- RequirementArguments
-----------------------------------------------		
		
INSERT INTO RequirementArguments
		(RequirementId, 						Name,				Value									)
VALUES	('REQ_SAILOR_SOTSR_ADJ_DISTRICT_1',		'CollectionType',	'COLLECTION_PLAYER_DISTRICTS'			),
		('REQ_SAILOR_SOTSR_ADJ_DISTRICT_1',	 	'RequirementSetId',	'REQSET_SAILOR_SOTSR_ADJ_DISTRICTS'		),
		('REQ_SAILOR_SOTSR_ADJ_DISTRICT_1',		'Count',			1										),
		('REQ_SAILOR_SOTSR_ADJ_DISTRICT_2',		'CollectionType',	'COLLECTION_PLAYER_DISTRICTS'			),
		('REQ_SAILOR_SOTSR_ADJ_DISTRICT_2',	 	'RequirementSetId',	'REQSET_SAILOR_SOTSR_ADJ_DISTRICTS'		),
		('REQ_SAILOR_SOTSR_ADJ_DISTRICT_2',		'Count',			2										),
		('REQ_SAILOR_SOTSR_ADJ_DISTRICT_3',		'CollectionType',	'COLLECTION_PLAYER_DISTRICTS'			),
		('REQ_SAILOR_SOTSR_ADJ_DISTRICT_3',	 	'RequirementSetId',	'REQSET_SAILOR_SOTSR_ADJ_DISTRICTS'		),
		('REQ_SAILOR_SOTSR_ADJ_DISTRICT_3',		'Count',			3										),
		('REQ_SAILOR_SOTSR_ADJ_DISTRICT_4',		'CollectionType',	'COLLECTION_PLAYER_DISTRICTS'			),
		('REQ_SAILOR_SOTSR_ADJ_DISTRICT_4',	 	'RequirementSetId',	'REQSET_SAILOR_SOTSR_ADJ_DISTRICTS'		),
		('REQ_SAILOR_SOTSR_ADJ_DISTRICT_4',		'Count',			4										),
		('REQ_SAILOR_SOTSR_ADJ_DISTRICT_5',		'CollectionType',	'COLLECTION_PLAYER_DISTRICTS'			),
		('REQ_SAILOR_SOTSR_ADJ_DISTRICT_5',	 	'RequirementSetId',	'REQSET_SAILOR_SOTSR_ADJ_DISTRICTS'		),
		('REQ_SAILOR_SOTSR_ADJ_DISTRICT_5',		'Count',			5										),
		('REQ_SAILOR_SOTSR_ADJ_DISTRICT_6',		'CollectionType',	'COLLECTION_PLAYER_DISTRICTS'			),
		('REQ_SAILOR_SOTSR_ADJ_DISTRICT_6',	 	'RequirementSetId',	'REQSET_SAILOR_SOTSR_ADJ_DISTRICTS'		),
		('REQ_SAILOR_SOTSR_ADJ_DISTRICT_6',		'Count',			6										),
				
		('REQ_SAILOR_SOTSR_IS_DISTRICT_REQ',	'RequirementSetId',	'REQSET_SAILOR_SOTSR_IS_DISTRICT_REQ'	),
		('REQ_SAILOR_SOTSR_IS_COMMERCIAL_HUB', 	'DistrictType',		'DISTRICT_COMMERCIAL_HUB'				),
		('REQ_SAILOR_SOTSR_IS_HARBOR', 			'DistrictType',		'DISTRICT_HARBOR'						),
		('REQ_SAILOR_SOTSR_IS_BONUS',			'ResourceClassType',	'RESOURCECLASS_BONUS');*/

-----------------------------------------------		
-- TraitModifiers		
-----------------------------------------------			
INSERT INTO TraitModifiers
		(TraitType,								ModifierId)
VALUES	-- Hub
		('TRAIT_CIVILIZATION_SAILOR_SOTSR',		'SAILOR_SOTSR_HUB_AND_BONUS_CULTURE'),
		('TRAIT_CIVILIZATION_SAILOR_SOTSR',		'SAILOR_SOTSR_HUB_AND_BONUS_GOLD'),
		('TRAIT_CIVILIZATION_SAILOR_SOTSR',		'SAILOR_SOTSR_HUB_AND_LUXURY_CULTURE'),
		('TRAIT_CIVILIZATION_SAILOR_SOTSR',		'SAILOR_SOTSR_HUB_AND_LUXURY_GOLD'),
		('TRAIT_CIVILIZATION_SAILOR_SOTSR',		'SAILOR_SOTSR_HUB_AND_STRAT_CULTURE'),
		('TRAIT_CIVILIZATION_SAILOR_SOTSR',		'SAILOR_SOTSR_HUB_AND_STRAT_GOLD'),
		-- Harbor
		('TRAIT_CIVILIZATION_SAILOR_SOTSR',		'SAILOR_SOTSR_HARB_AND_BONUS_CULTURE'),
		('TRAIT_CIVILIZATION_SAILOR_SOTSR',		'SAILOR_SOTSR_HARB_AND_BONUS_GOLD'),
		('TRAIT_CIVILIZATION_SAILOR_SOTSR',		'SAILOR_SOTSR_HARB_AND_LUXURY_CULTURE'),
		('TRAIT_CIVILIZATION_SAILOR_SOTSR',		'SAILOR_SOTSR_HARB_AND_LUXURY_GOLD'),
		('TRAIT_CIVILIZATION_SAILOR_SOTSR',		'SAILOR_SOTSR_HARB_AND_STRAT_CULTURE'),
		('TRAIT_CIVILIZATION_SAILOR_SOTSR',		'SAILOR_SOTSR_HARB_AND_STRAT_GOLD');
-----------------------------------------------
-- Modifiers
-----------------------------------------------
INSERT INTO Modifiers	
		(ModifierId,								ModifierType,						RunOnce,	Permanent,	SubjectRequirementSetId)
VALUES	-- Hub
		('SAILOR_SOTSR_HUB_AND_BONUS_CULTURE',		'DYNMOD_SAILOR_PLOT_YIELDS',		0,			1,			'SAILOR_SOTSR_REQUIRES_HUB_AND_BONUS'),
		('SAILOR_SOTSR_HUB_AND_BONUS_GOLD',			'DYNMOD_SAILOR_PLOT_YIELDS',		0,			1,			'SAILOR_SOTSR_REQUIRES_HUB_AND_BONUS'),
		('SAILOR_SOTSR_HUB_AND_LUXURY_CULTURE',		'DYNMOD_SAILOR_PLOT_YIELDS',		0,			1,			'SAILOR_SOTSR_REQUIRES_HUB_AND_LUXURY'),
		('SAILOR_SOTSR_HUB_AND_LUXURY_GOLD',		'DYNMOD_SAILOR_PLOT_YIELDS',		0,			1,			'SAILOR_SOTSR_REQUIRES_HUB_AND_LUXURY'),
		('SAILOR_SOTSR_HUB_AND_STRAT_CULTURE',		'DYNMOD_SAILOR_PLOT_YIELDS',		0,			1,			'SAILOR_SOTSR_REQUIRES_HUB_AND_STRAT'),
		('SAILOR_SOTSR_HUB_AND_STRAT_GOLD',			'DYNMOD_SAILOR_PLOT_YIELDS',		0,			1,			'SAILOR_SOTSR_REQUIRES_HUB_AND_STRAT'),
		--Harbor
		('SAILOR_SOTSR_HARB_AND_BONUS_CULTURE',		'DYNMOD_SAILOR_PLOT_YIELDS',		0,			1,			'SAILOR_SOTSR_REQUIRES_HARB_AND_BONUS'),
		('SAILOR_SOTSR_HARB_AND_BONUS_GOLD',		'DYNMOD_SAILOR_PLOT_YIELDS',		0,			1,			'SAILOR_SOTSR_REQUIRES_HARB_AND_BONUS'),
		('SAILOR_SOTSR_HARB_AND_LUXURY_CULTURE',	'DYNMOD_SAILOR_PLOT_YIELDS',		0,			1,			'SAILOR_SOTSR_REQUIRES_HARB_AND_LUXURY'),
		('SAILOR_SOTSR_HARB_AND_LUXURY_GOLD',		'DYNMOD_SAILOR_PLOT_YIELDS',		0,			1,			'SAILOR_SOTSR_REQUIRES_HARB_AND_LUXURY'),
		('SAILOR_SOTSR_HARB_AND_STRAT_CULTURE',		'DYNMOD_SAILOR_PLOT_YIELDS',		0,			1,			'SAILOR_SOTSR_REQUIRES_HARB_AND_STRAT'),
		('SAILOR_SOTSR_HARB_AND_STRAT_GOLD',		'DYNMOD_SAILOR_PLOT_YIELDS',		0,			1,			'SAILOR_SOTSR_REQUIRES_HARB_AND_STRAT');
-----------------------------------------------
-- ModifierArguments
-----------------------------------------------
INSERT INTO ModifierArguments
		(ModifierId,									Name,				Value)
VALUES	-- Hub
		('SAILOR_SOTSR_HUB_AND_BONUS_CULTURE',			'YieldType',		'YIELD_CULTURE'),
		('SAILOR_SOTSR_HUB_AND_BONUS_CULTURE',			'Amount',			1),

		('SAILOR_SOTSR_HUB_AND_BONUS_GOLD',				'YieldType',		'YIELD_GOLD'),
		('SAILOR_SOTSR_HUB_AND_BONUS_GOLD',				'Amount',			2),

		('SAILOR_SOTSR_HUB_AND_LUXURY_CULTURE',			'YieldType',		'YIELD_CULTURE'),
		('SAILOR_SOTSR_HUB_AND_LUXURY_CULTURE',			'Amount',			1),

		('SAILOR_SOTSR_HUB_AND_LUXURY_GOLD',			'YieldType',		'YIELD_GOLD'),
		('SAILOR_SOTSR_HUB_AND_LUXURY_GOLD',			'Amount',			2),

		('SAILOR_SOTSR_HUB_AND_STRAT_CULTURE',			'YieldType',		'YIELD_CULTURE'),
		('SAILOR_SOTSR_HUB_AND_STRAT_CULTURE',			'Amount',			1),

		('SAILOR_SOTSR_HUB_AND_STRAT_GOLD',				'YieldType',		'YIELD_GOLD'),
		('SAILOR_SOTSR_HUB_AND_STRAT_GOLD',				'Amount',			2),
		-- Harbor
		('SAILOR_SOTSR_HARB_AND_BONUS_CULTURE',			'YieldType',		'YIELD_CULTURE'),
		('SAILOR_SOTSR_HARB_AND_BONUS_CULTURE',			'Amount',			1),

		('SAILOR_SOTSR_HARB_AND_BONUS_GOLD',			'YieldType',		'YIELD_GOLD'),
		('SAILOR_SOTSR_HARB_AND_BONUS_GOLD',			'Amount',			2),

		('SAILOR_SOTSR_HARB_AND_LUXURY_CULTURE',		'YieldType',		'YIELD_CULTURE'),
		('SAILOR_SOTSR_HARB_AND_LUXURY_CULTURE',		'Amount',			1),

		('SAILOR_SOTSR_HARB_AND_LUXURY_GOLD',			'YieldType',		'YIELD_GOLD'),
		('SAILOR_SOTSR_HARB_AND_LUXURY_GOLD',			'Amount',			2),

		('SAILOR_SOTSR_HARB_AND_STRAT_CULTURE',			'YieldType',		'YIELD_CULTURE'),
		('SAILOR_SOTSR_HARB_AND_STRAT_CULTURE',			'Amount',			1),

		('SAILOR_SOTSR_HARB_AND_STRAT_GOLD',			'YieldType',		'YIELD_GOLD'),
		('SAILOR_SOTSR_HARB_AND_STRAT_GOLD',			'Amount',			2);
-----------------------------------------------		
-- RequirementSets
-----------------------------------------------
INSERT INTO RequirementSets
		(RequirementSetId,								RequirementSetType)
VALUES	-- Hub
		('SAILOR_SOTSR_REQUIRES_HUB_AND_BONUS',			'REQUIREMENTSET_TEST_ALL'),
		('SAILOR_SOTSR_REQUIRES_HUB_AND_LUXURY',		'REQUIREMENTSET_TEST_ALL'),
		('SAILOR_SOTSR_REQUIRES_HUB_AND_STRAT',			'REQUIREMENTSET_TEST_ALL'),
		-- Harbor
		('SAILOR_SOTSR_REQUIRES_HARB_AND_BONUS',		'REQUIREMENTSET_TEST_ALL'),
		('SAILOR_SOTSR_REQUIRES_HARB_AND_LUXURY',		'REQUIREMENTSET_TEST_ALL'),
		('SAILOR_SOTSR_REQUIRES_HARB_AND_STRAT',		'REQUIREMENTSET_TEST_ALL');
-----------------------------------------------
-- RequirementSetRequirements
-----------------------------------------------
INSERT INTO RequirementSetRequirements
		(RequirementSetId,								RequirementId)
VALUES	-- Hub
		('SAILOR_SOTSR_REQUIRES_HUB_AND_BONUS',			'SAILOR_SOTSR_CHECK_HUB'),
		('SAILOR_SOTSR_REQUIRES_HUB_AND_BONUS',			'SAILOR_SOTSR_CHECK_BONUS'),

		('SAILOR_SOTSR_REQUIRES_HUB_AND_LUXURY',		'SAILOR_SOTSR_CHECK_HUB'),
		('SAILOR_SOTSR_REQUIRES_HUB_AND_LUXURY',		'SAILOR_SOTSR_CHECK_LUXURY'),

		('SAILOR_SOTSR_REQUIRES_HUB_AND_STRAT',			'SAILOR_SOTSR_CHECK_HUB'),
		('SAILOR_SOTSR_REQUIRES_HUB_AND_STRAT',			'SAILOR_SOTSR_CHECK_STRAT'),
		-- Harbor
		('SAILOR_SOTSR_REQUIRES_HARB_AND_BONUS',		'SAILOR_SOTSR_CHECK_HARB'),
		('SAILOR_SOTSR_REQUIRES_HARB_AND_BONUS',		'SAILOR_SOTSR_CHECK_BONUS'),

		('SAILOR_SOTSR_REQUIRES_HARB_AND_LUXURY',		'SAILOR_SOTSR_CHECK_HARB'),
		('SAILOR_SOTSR_REQUIRES_HARB_AND_LUXURY',		'SAILOR_SOTSR_CHECK_LUXURY'),

		('SAILOR_SOTSR_REQUIRES_HARB_AND_STRAT',		'SAILOR_SOTSR_CHECK_HARB'),
		('SAILOR_SOTSR_REQUIRES_HARB_AND_STRAT',		'SAILOR_SOTSR_CHECK_STRAT');

-----------------------------------------------
-- Requirements
-----------------------------------------------
INSERT INTO Requirements
		(RequirementId, 					RequirementType,									Inverse)
VALUES	('SAILOR_SOTSR_CHECK_BONUS',		'REQUIREMENT_PLOT_RESOURCE_CLASS_TYPE_MATCHES',		0),
		('SAILOR_SOTSR_CHECK_LUXURY',		'REQUIREMENT_PLOT_RESOURCE_CLASS_TYPE_MATCHES',		0),
		('SAILOR_SOTSR_CHECK_STRAT',		'REQUIREMENT_PLOT_RESOURCE_CLASS_TYPE_MATCHES',		0),
		('SAILOR_SOTSR_CHECK_HUB',			'REQUIREMENT_PLOT_ADJACENT_DISTRICT_TYPE_MATCHES',	0),
		('SAILOR_SOTSR_CHECK_HARB',			'REQUIREMENT_PLOT_ADJACENT_DISTRICT_TYPE_MATCHES',	0);

-----------------------------------------------
-- RequirementArguments
-----------------------------------------------
INSERT INTO RequirementArguments
		(RequirementId, 					Name,					Value)
VALUES	('SAILOR_SOTSR_CHECK_BONUS',		'ResourceClassType',	'RESOURCECLASS_BONUS'),
		('SAILOR_SOTSR_CHECK_LUXURY',		'ResourceClassType',	'RESOURCECLASS_LUXURY'),
		('SAILOR_SOTSR_CHECK_STRAT',		'ResourceClassType',	'RESOURCECLASS_STRATEGIC'),
		('SAILOR_SOTSR_CHECK_HUB',			'DistrictType',			'DISTRICT_COMMERCIAL_HUB'),
		('SAILOR_SOTSR_CHECK_HARB',			'DistrictType',			'DISTRICT_HARBOR');